Method,Precision,Recall,F1,Time (seconds)
Regex,0.9807692307692307,0.4034798534798535,0.5514972207279899,0.001076076923076923
NLP (spaCy),0.6670024420024419,0.5423382173382174,0.5897234238863198,0.06766953846153848
GLiNER-PII ,0.93000333000333,0.9163614163614164,0.9203134723496714,0.9355204615384616
LLM (deepseek-r1:14b),0.964010989,0.9423076923076923,0.9499935960769231,417.11619284615387
LoRA fine-tuned LLM,0.9018620268620269,0.8196275946275946,0.8527025249101935,390.65060369230775
